Num,Date,Amps ac2,Kilowatts1,ACFM1
1,2023-04-17 22:00:00,36.9919,15.38,0
2,2023-04-17 23:00:00,37.0248,15.39,0
3,2023-04-18 00:00:00,36.9506,15.36,0
4,2023-04-18 01:00:00,36.8306,15.31,0
5,2023-04-18 02:00:00,36.7384,15.27,0
6,2023-04-18 03:00:00,36.6634,15.24,0
7,2023-04-18 04:00:00,36.6041,15.22,0
8,2023-04-18 05:00:00,36.5473,15.19,0
9,2023-04-18 06:00:00,36.5078,15.18,0
10,2023-04-18 07:00:00,36.4765,15.16,0
11,2023-04-18 08:00:00,36.4904,15.17,0
12,2023-04-18 09:00:00,36.6301,15.23,0
13,2023-04-18 10:00:00,24.65,10.25,0
14,2023-04-18 11:00:00,0.9326,0.39,0
15,2023-04-18 12:00:00,0.9501,0.39,0
16,2023-04-18 13:00:00,0.9602,0.4,0
17,2023-04-18 14:00:00,0.9468,0.39,0
18,2023-04-18 15:00:00,0.9434,0.39,0
19,2023-04-18 16:00:00,0.9314,0.39,0
20,2023-04-18 17:00:00,0.9163,0.38,0
21,2023-04-18 18:00:00,0.9159,0.38,0
22,2023-04-18 19:00:00,0.9163,0.38,0
23,2023-04-18 20:00:00,0.9293,0.39,0
24,2023-04-18 21:00:00,0.9259,0.38,0
25,2023-04-18 22:00:00,0.9223,0.38,0
26,2023-04-18 23:00:00,0.9174,0.38,0
27,2023-04-19 00:00:00,0.9176,0.38,0
28,2023-04-19 01:00:00,0.9194,0.38,0
29,2023-04-19 02:00:00,0.9173,0.38,0
30,2023-04-19 03:00:00,0.9042,0.38,0
31,2023-04-19 04:00:00,0.904,0.38,0
32,2023-04-19 05:00:00,0.9023,0.38,0
33,2023-04-19 06:00:00,0.9082,0.38,0
34,2023-04-19 07:00:00,0.9037,0.38,0
35,2023-04-19 08:00:00,0.9029,0.38,0
36,2023-04-19 09:00:00,0.8958,0.37,0
37,2023-04-19 10:00:00,0.8965,0.37,0
38,2023-04-19 11:00:00,0.8933,0.37,0
39,2023-04-19 12:00:00,0.8937,0.37,0
40,2023-04-19 13:00:00,0.8949,0.37,0
41,2023-04-19 14:00:00,0.8928,0.37,0
42,2023-04-19 15:00:00,0.8964,0.37,0
43,2023-04-19 16:00:00,0.8975,0.37,0
44,2023-04-19 17:00:00,0.8963,0.37,0
45,2023-04-19 18:00:00,0.9032,0.38,0
46,2023-04-19 19:00:00,0.928,0.39,0
47,2023-04-19 20:00:00,0.9409,0.39,0
48,2023-04-19 21:00:00,0.956,0.4,0
49,2023-04-19 22:00:00,0.9524,0.4,0
50,2023-04-19 23:00:00,0.9558,0.4,0
51,2023-04-20 00:00:00,0.9359,0.39,0
52,2023-04-20 01:00:00,0.9288,0.39,0
53,2023-04-20 02:00:00,0.9243,0.38,0
54,2023-04-20 03:00:00,0.9258,0.38,0
55,2023-04-20 04:00:00,0.9375,0.39,0
56,2023-04-20 05:00:00,0.93,0.39,0
57,2023-04-20 06:00:00,0.9253,0.38,0
58,2023-04-20 07:00:00,25.463,10.58,0
59,2023-04-20 08:00:00,111.399,61.74,0
60,2023-04-20 09:00:00,0.9483,0.39,0
61,2023-04-20 10:00:00,0.9186,0.38,0
62,2023-04-20 11:00:00,0.914,0.38,0
63,2023-04-20 12:00:00,0.9267,0.39,0
64,2023-04-20 13:00:00,0.9236,0.38,0
65,2023-04-20 14:00:00,0.9155,0.38,0
66,2023-04-20 15:00:00,0.9125,0.38,0
67,2023-04-20 16:00:00,0.9095,0.38,0
68,2023-04-20 17:00:00,0.9127,0.38,0
69,2023-04-20 18:00:00,0.9152,0.38,0
70,2023-04-20 19:00:00,0.9186,0.38,0
71,2023-04-20 20:00:00,0.9202,0.38,0
72,2023-04-20 21:00:00,0.9257,0.38,0
73,2023-04-20 22:00:00,0.9256,0.38,0
74,2023-04-20 23:00:00,0.9259,0.38,0
75,2023-04-21 00:00:00,0.9203,0.38,0
76,2023-04-21 01:00:00,0.9195,0.38,0
77,2023-04-21 02:00:00,0.9147,0.38,0
78,2023-04-21 03:00:00,0.9129,0.38,0
79,2023-04-21 04:00:00,0.9119,0.38,0
80,2023-04-21 05:00:00,0.911,0.38,0
81,2023-04-21 06:00:00,0.9054,0.38,0
82,2023-04-21 07:00:00,0.9071,0.38,0
83,2023-04-21 08:00:00,0.9094,0.38,0
84,2023-04-21 09:00:00,0.9114,0.38,0
85,2023-04-21 10:00:00,0.9142,0.38,0
86,2023-04-21 11:00:00,0.9105,0.38,0
87,2023-04-21 12:00:00,0.914,0.38,0
88,2023-04-21 13:00:00,0.9194,0.38,0
89,2023-04-21 14:00:00,0.9206,0.38,0
90,2023-04-21 15:00:00,0.9228,0.38,0
91,2023-04-21 16:00:00,0.9115,0.38,0
92,2023-04-21 17:00:00,30.1517,12.53,0
93,2023-04-21 18:00:00,93.7659,38.98,0
94,2023-04-21 19:00:00,90.058,37.44,0
95,2023-04-21 20:00:00,89.0978,37.04,0
96,2023-04-21 21:00:00,103.7551,57.51,0
97,2023-04-21 22:00:00,112.6136,62.42,0
98,2023-04-21 23:00:00,118.7817,65.84,0
99,2023-04-22 00:00:00,129.5923,71.83,0
100,2023-04-22 01:00:00,125.2816,69.44,0
101,2023-04-22 02:00:00,121.8485,67.54,0
102,2023-04-22 03:00:00,126.3188,70.01,0
103,2023-04-22 04:00:00,124.1068,68.79,0
104,2023-04-22 05:00:00,121.2157,67.18,0
105,2023-04-22 06:00:00,127.5108,70.67,0
106,2023-04-22 07:00:00,125.2343,69.41,0
107,2023-04-22 08:00:00,127.2662,70.54,0
108,2023-04-22 09:00:00,72.1731,30.0,0
109,2023-04-22 10:00:00,1.0171,0.42,0
110,2023-04-22 11:00:00,1.0201,0.42,0
111,2023-04-22 12:00:00,1.0045,0.42,0
112,2023-04-22 13:00:00,0.9929,0.41,0
113,2023-04-22 14:00:00,0.985,0.41,0
114,2023-04-22 15:00:00,0.9807,0.41,0
115,2023-04-22 16:00:00,0.9798,0.41,0
116,2023-04-22 17:00:00,0.9755,0.41,0
117,2023-04-22 18:00:00,0.9703,0.4,0
118,2023-04-22 19:00:00,0.9731,0.4,0
119,2023-04-22 20:00:00,0.9719,0.4,0
120,2023-04-22 21:00:00,0.9723,0.4,0
121,2023-04-22 22:00:00,0.9731,0.4,0
122,2023-04-22 23:00:00,0.9714,0.4,0
123,2023-04-23 00:00:00,0.9593,0.4,0
124,2023-04-23 01:00:00,0.9554,0.4,0
125,2023-04-23 02:00:00,0.9538,0.4,0
126,2023-04-23 03:00:00,0.9544,0.4,0
127,2023-04-23 04:00:00,0.9575,0.4,0
128,2023-04-23 05:00:00,0.9546,0.4,0
129,2023-04-23 06:00:00,0.9564,0.4,0
130,2023-04-23 07:00:00,0.9592,0.4,0
131,2023-04-23 08:00:00,0.9644,0.4,0
132,2023-04-23 09:00:00,0.9693,0.4,0
133,2023-04-23 10:00:00,0.9687,0.4,0
134,2023-04-23 11:00:00,0.9729,0.4,0
135,2023-04-23 12:00:00,0.9717,0.4,0
136,2023-04-23 13:00:00,0.9747,0.41,0
137,2023-04-23 14:00:00,0.9764,0.41,0
138,2023-04-23 15:00:00,0.9786,0.41,0
139,2023-04-23 16:00:00,0.9806,0.41,0
140,2023-04-23 17:00:00,0.9756,0.41,0
141,2023-04-23 18:00:00,0.9769,0.41,0
142,2023-04-23 19:00:00,0.9793,0.41,0
143,2023-04-23 20:00:00,0.9767,0.41,0
144,2023-04-23 21:00:00,0.9764,0.41,0
145,2023-04-23 22:00:00,0.9754,0.41,0
146,2023-04-23 23:00:00,0.9676,0.4,0
147,2023-04-24 00:00:00,0.9652,0.4,0
148,2023-04-24 01:00:00,0.9674,0.4,0
149,2023-04-24 02:00:00,0.9611,0.4,0
150,2023-04-24 03:00:00,0.9574,0.4,0
151,2023-04-24 04:00:00,0.959,0.4,0
152,2023-04-24 05:00:00,0.9609,0.4,0
153,2023-04-24 06:00:00,0.9596,0.4,0
154,2023-04-24 07:00:00,0.957,0.4,0
155,2023-04-24 08:00:00,0.9652,0.4,0
156,2023-04-24 09:00:00,0.9701,0.4,0
157,2023-04-24 10:00:00,0.975,0.41,0
158,2023-04-24 11:00:00,0.9768,0.41,0
159,2023-04-24 12:00:00,0.9723,0.4,0
160,2023-04-24 13:00:00,0.972,0.4,0
161,2023-04-24 14:00:00,0.9762,0.41,0
162,2023-04-24 15:00:00,0.979,0.41,0
163,2023-04-24 16:00:00,0.9794,0.41,0
164,2023-04-24 17:00:00,0.9821,0.41,0
165,2023-04-24 18:00:00,0.9797,0.41,0
166,2023-04-24 19:00:00,0.9777,0.41,0
167,2023-04-24 20:00:00,0.9768,0.41,0
168,2023-04-24 21:00:00,0.9687,0.4,0
169,2023-04-24 22:00:00,0.9641,0.4,0
170,2023-04-24 23:00:00,0.9569,0.4,0
171,2023-04-25 00:00:00,0.958,0.4,0
172,2023-04-25 01:00:00,0.9571,0.4,0
173,2023-04-25 02:00:00,0.9569,0.4,0
174,2023-04-25 03:00:00,0.9572,0.4,0
175,2023-04-25 04:00:00,0.9564,0.4,0
176,2023-04-25 05:00:00,0.9586,0.4,0
177,2023-04-25 06:00:00,0.9654,0.4,0
178,2023-04-25 07:00:00,0.9693,0.4,0
179,2023-04-25 08:00:00,0.9691,0.4,0
180,2023-04-25 09:00:00,0.9641,0.4,0
181,2023-04-25 10:00:00,0.9663,0.4,0
182,2023-04-25 11:00:00,0.9727,0.4,0
183,2023-04-25 12:00:00,0.9822,0.41,0
184,2023-04-25 13:00:00,0.984,0.41,0
185,2023-04-25 14:00:00,0.9831,0.41,0
186,2023-04-25 15:00:00,0.9814,0.41,0
187,2023-04-25 16:00:00,0.9818,0.41,0
188,2023-04-25 17:00:00,0.9845,0.41,0
189,2023-04-25 18:00:00,0.989,0.41,0
190,2023-04-25 19:00:00,0.9871,0.41,0
191,2023-04-25 20:00:00,0.9892,0.41,0
192,2023-04-25 21:00:00,0.9853,0.41,0
193,2023-04-25 22:00:00,0.9784,0.41,0
194,2023-04-25 23:00:00,0.9687,0.4,0
195,2023-04-26 00:00:00,0.9713,0.4,0
196,2023-04-26 01:00:00,0.9656,0.4,0
197,2023-04-26 02:00:00,0.9663,0.4,0
198,2023-04-26 03:00:00,0.9659,0.4,0
199,2023-04-26 04:00:00,0.9623,0.4,0
200,2023-04-26 05:00:00,0.9613,0.4,0
201,2023-04-26 06:00:00,0.9675,0.4,0
202,2023-04-26 07:00:00,0.9679,0.4,0
203,2023-04-26 08:00:00,0.4624,0.19,0
204,2023-04-26 09:00:00,127.1123,70.45,0
205,2023-04-26 10:00:00,145.4008,80.59,434
206,2023-04-26 11:00:00,147.1254,81.55,434
207,2023-04-26 12:00:00,145.7529,80.78,434
208,2023-04-26 13:00:00,142.183,78.81,434
209,2023-04-26 14:00:00,138.3086,76.66,0
210,2023-04-26 15:00:00,136.9188,75.89,0
211,2023-04-26 16:00:00,138.8356,76.95,0
212,2023-04-26 17:00:00,139.3045,77.21,0
213,2023-04-26 18:00:00,138.6705,76.86,0
214,2023-04-26 19:00:00,138.2649,76.63,0
215,2023-04-26 20:00:00,137.325,76.11,0
216,2023-04-26 21:00:00,137.0691,75.97,0
217,2023-04-26 22:00:00,136.2726,75.53,0
218,2023-04-26 23:00:00,137.7097,76.33,0
219,2023-04-27 00:00:00,138.5805,76.81,0
220,2023-04-27 01:00:00,139.7783,77.47,0
221,2023-04-27 02:00:00,140.6626,77.96,0
222,2023-04-27 03:00:00,139.8574,77.52,0
223,2023-04-27 04:00:00,133.7486,74.13,0
224,2023-04-27 05:00:00,133.795,74.16,0
225,2023-04-27 06:00:00,131.0479,72.63,0
226,2023-04-27 07:00:00,130.9113,72.56,0
227,2023-04-27 08:00:00,133.4974,73.99,0
228,2023-04-27 09:00:00,133.4351,73.96,0
229,2023-04-27 10:00:00,133.6822,74.09,0
230,2023-04-27 11:00:00,135.8966,75.32,0
231,2023-04-27 12:00:00,103.9276,57.6,0
232,2023-04-27 13:00:00,2.9342,1.22,0
233,2023-04-27 14:00:00,0.9635,0.4,0
234,2023-04-27 15:00:00,0.9572,0.4,0
235,2023-04-27 16:00:00,0.9554,0.4,0
236,2023-04-27 17:00:00,0.9443,0.39,0
237,2023-04-27 18:00:00,0.9417,0.39,0
238,2023-04-27 19:00:00,0.9309,0.39,0
239,2023-04-27 20:00:00,0.924,0.38,0
240,2023-04-27 21:00:00,0.9273,0.39,0
241,2023-04-27 22:00:00,0.9363,0.39,0
242,2023-04-27 23:00:00,0.9359,0.39,0
243,2023-04-28 00:00:00,0.9345,0.39,0
244,2023-04-28 01:00:00,0.9329,0.39,0
245,2023-04-28 02:00:00,0.9297,0.39,0
246,2023-04-28 03:00:00,0.9304,0.39,0
247,2023-04-28 04:00:00,0.9338,0.39,0
248,2023-04-28 05:00:00,0.9283,0.39,0
249,2023-04-28 06:00:00,0.9295,0.39,0
250,2023-04-28 07:00:00,0.9293,0.39,0
251,2023-04-28 08:00:00,0.9295,0.39,0
252,2023-04-28 09:00:00,0.9269,0.39,0
253,2023-04-28 10:00:00,0.9339,0.39,0
254,2023-04-28 11:00:00,0.9422,0.39,0
255,2023-04-28 12:00:00,0.9446,0.39,0
256,2023-04-28 13:00:00,0.9448,0.39,0
257,2023-04-28 14:00:00,0.9413,0.39,0
258,2023-04-28 15:00:00,0.9372,0.39,0
259,2023-04-28 16:00:00,0.9362,0.39,0
260,2023-04-28 17:00:00,0.9386,0.39,0
261,2023-04-28 18:00:00,0.9387,0.39,0
262,2023-04-28 19:00:00,0.9424,0.39,0
263,2023-04-28 20:00:00,0.95,0.39,0
264,2023-04-28 21:00:00,0.9441,0.39,0
265,2023-04-28 22:00:00,0.9381,0.39,0
266,2023-04-28 23:00:00,0.932,0.39,0
267,2023-04-29 00:00:00,0.9326,0.39,0
268,2023-04-29 01:00:00,0.9289,0.39,0
269,2023-04-29 02:00:00,0.9252,0.38,0
270,2023-04-29 03:00:00,0.925,0.38,0
271,2023-04-29 04:00:00,0.9199,0.38,0
272,2023-04-29 05:00:00,0.9157,0.38,0
273,2023-04-29 06:00:00,0.9219,0.38,0
274,2023-04-29 07:00:00,0.9225,0.38,0
275,2023-04-29 08:00:00,0.9216,0.38,0
276,2023-04-29 09:00:00,0.9235,0.38,0
277,2023-04-29 10:00:00,0.925,0.38,0
278,2023-04-29 11:00:00,0.9258,0.38,0
279,2023-04-29 12:00:00,0.9317,0.39,0
280,2023-04-29 13:00:00,0.9329,0.39,0
281,2023-04-29 14:00:00,0.9362,0.39,0
282,2023-04-29 15:00:00,0.9439,0.39,0
283,2023-04-29 16:00:00,0.9541,0.4,0
284,2023-04-29 17:00:00,0.9478,0.39,0
285,2023-04-29 18:00:00,0.9531,0.4,0
286,2023-04-29 19:00:00,0.9483,0.39,0
287,2023-04-29 20:00:00,0.9445,0.39,0
288,2023-04-29 21:00:00,0.9432,0.39,0
289,2023-04-29 22:00:00,0.9382,0.39,0
290,2023-04-29 23:00:00,0.9311,0.39,0
291,2023-04-30 00:00:00,0.9274,0.39,0
292,2023-04-30 01:00:00,0.9262,0.39,0
293,2023-04-30 02:00:00,0.925,0.38,0
294,2023-04-30 03:00:00,0.922,0.38,0
295,2023-04-30 04:00:00,0.9171,0.38,0
296,2023-04-30 05:00:00,0.9168,0.38,0
297,2023-04-30 06:00:00,0.9129,0.38,0
298,2023-04-30 07:00:00,0.9091,0.38,0
299,2023-04-30 08:00:00,0.9083,0.38,0
300,2023-04-30 09:00:00,0.9095,0.38,0
301,2023-04-30 10:00:00,0.9097,0.38,0
302,2023-04-30 11:00:00,0.9165,0.38,0
303,2023-04-30 12:00:00,0.9201,0.38,0
304,2023-04-30 13:00:00,0.922,0.38,0
305,2023-04-30 14:00:00,0.9238,0.38,0
306,2023-04-30 15:00:00,0.9199,0.38,0
307,2023-04-30 16:00:00,0.9189,0.38,0
308,2023-04-30 17:00:00,0.9228,0.38,0
309,2023-04-30 18:00:00,0.9212,0.38,0
310,2023-04-30 19:00:00,0.922,0.38,0
311,2023-04-30 20:00:00,0.9207,0.38,0
312,2023-04-30 21:00:00,0.9193,0.38,0
313,2023-04-30 22:00:00,0.919,0.38,0
314,2023-04-30 23:00:00,0.9146,0.38,0
315,2023-05-01 00:00:00,0.9194,0.38,0
316,2023-05-01 01:00:00,0.917,0.38,0
317,2023-05-01 02:00:00,0.9126,0.38,0
318,2023-05-01 03:00:00,0.9092,0.38,0
319,2023-05-01 04:00:00,0.9071,0.38,0
320,2023-05-01 05:00:00,0.904,0.38,0
321,2023-05-01 06:00:00,0.9025,0.38,0
322,2023-05-01 07:00:00,0.9085,0.38,0
323,2023-05-01 08:00:00,0.9145,0.38,0
324,2023-05-01 09:00:00,0.9144,0.38,0
325,2023-05-01 10:00:00,0.9215,0.38,0
326,2023-05-01 11:00:00,0.9267,0.39,0
